project;#commits;#authors;From;To;#stars;#forks;LastGHCommitDate;LongestGapStart (YYYY-MM), ;LongestGapEnd (YYYY-MM),;LongestGapLength;NumCommitsAfterLastGap;pattern;NumberOfGapsInTimeline;BeforeThemes;AfterThemes;HypothesizedGapReason;HasRecovered;WhyRecovered;WhoRecovered;Currentstatus;RecentThemes;Notes
ericproffitt_topicmodelsvb.jl;1542;11;1466824003;1741617121;84;9;2025/02/09;2023-03;2025-01;23;3;declining;7;Other:Bug fixes;Documentation updates:Other;Feature freeze / maintenance pause after core milestone;Yes;Maintenance updates, bug fixes, or compatibility adjustments;Both original authors and new contributors;Inactive;Other:Documentation updates;ericproffitt_topicmodelsvb.jl exhibits a declining development cycle with a longest gap of 23 months. Commit messages before the gap centered on Other and Bug fixes, while post-gap activity indicated maintenance updates, bug fixes, or compatibility adjustments. The project is currently inactive on GitHub.
esa-philab_opensartoolkit;637;31;1542903465;1758635026;248;60;2026/02/04;2022-06;2023-06;13;111;declining;3;Other:Bug fixes;Documentation updates:Other;Feature freeze / maintenance pause after core milestone;Yes;Maintenance updates, bug fixes, or compatibility adjustments;New contributors joined to revive the project;Active;Feature development:Bug fixes;esa-philab_opensartoolkit exhibits a declining development cycle with a longest gap of 13 months. Commit messages before the gap centered on Other and Bug fixes, while post-gap activity indicated maintenance updates, bug fixes, or compatibility adjustments. The project is currently active on GitHub.
geofranzi_geoportal;1169;14;1467280640;1756391053;0;0;2025/05/12;2022-03;2023-09;19;222;declining;4;Other:Feature development;Feature development:Other;Feature freeze / maintenance pause after core milestone;Yes;Maintenance updates, bug fixes, or compatibility adjustments;Both original authors and new contributors;Active;Other:Bug fixes;geofranzi_geoportal exhibits a declining development cycle with a longest gap of 19 months. Commit messages before the gap centered on Other and Feature development, while post-gap activity indicated maintenance updates, bug fixes, or compatibility adjustments. The project is currently active on GitHub.
hbctraining_scrna-seq_online;1619;16;1514765279;1744731382;672;209;2026/08/20;2018-02;2019-03;14;1618;declining;3;Other:Other;Other:Feature development;Feature freeze / maintenance pause after core milestone;Yes;Maintenance updates, bug fixes, or compatibility adjustments;Both original authors and new contributors;Active;Other:Bug fixes;hbctraining_scrna-seq_online exhibits a declining development cycle with a longest gap of 14 months. Commit messages before the gap centered on Other and Other, while post-gap activity indicated maintenance updates, bug fixes, or compatibility adjustments. The project is currently active on GitHub.
mariohsouto_proxsdp.jl;831;20;1515506544;1748191005;97;13;2025/05/25;2022-04;2023-01;10;56;declining;5;Other:Bug fixes;Feature development:Bug fixes;Feature freeze / maintenance pause after core milestone;Yes;Maintenance updates, bug fixes, or compatibility adjustments;Both original authors and new contributors;Active;Other:Bug fixes;mariohsouto_proxsdp.jl exhibits a declining development cycle with a longest gap of 10 months. Commit messages before the gap centered on Other and Bug fixes, while post-gap activity indicated maintenance updates, bug fixes, or compatibility adjustments. The project is currently active on GitHub.
pecanproject_pecan;38951;454;1283468974;1776459632;246;321;2026/09/25;None;None;0;0;sporadic;0;Other:Dependency updates;N/A:N/A;N/A active Project;N/A;N/A;N/A;Active;Other:Dependency updates;pecanproject_pecan exhibits a sporadic development cycle with a longest gap of 0 months. Commit messages before the gap centered on Other and Dependency updates, while post-gap activity indicated n/a. The project is currently active on GitHub.
qiskit_qiskit-experiments;11635;145;1614191172;1762367916;197;139;2026/09/09;2024-07;2024-07;1;717;declining;0;Bug fixes:Feature development;Other:Bug fixes;Feature freeze / maintenance pause after core milestone;Yes;Maintenance updates, bug fixes, or compatibility adjustments;Both original authors and new contributors;Active;Dependency updates:Release;qiskit_qiskit-experiments exhibits a declining development cycle with a longest gap of 1 months. Commit messages before the gap centered on Bug fixes and Feature development, while post-gap activity indicated maintenance updates, bug fixes, or compatibility adjustments. The project is currently active on GitHub.
smileipic_smilei;11931;212;1364546318;1761655373;449;157;2026/09/14;2013-04;2013-04;1;11929;sporadic;0;Release:Other;Other:Bug fixes;Feature freeze / maintenance pause after core milestone;Yes;Maintenance updates, bug fixes, or compatibility adjustments;Both original authors and new contributors;Active;Bug fixes:Other;smileipic_smilei exhibits a sporadic development cycle with a longest gap of 1 months. Commit messages before the gap centered on Release and Other, while post-gap activity indicated maintenance updates, bug fixes, or compatibility adjustments. The project is currently active on GitHub.
stolllab_easyspin;2542;41;1318928290;1759430732;66;29;2026/09/28;2012-05;2012-06;2;2522;sporadic;0;Other:Feature development;Other:Feature development;Feature freeze / maintenance pause after core milestone;Yes;Maintenance updates, bug fixes, or compatibility adjustments;Original authors continued maintenance;Active;Bug fixes:Other;stolllab_easyspin exhibits a sporadic development cycle with a longest gap of 2 months. Commit messages before the gap centered on Other and Feature development, while post-gap activity indicated maintenance updates, bug fixes, or compatibility adjustments. The project is currently active on GitHub.
vcityteam_ud-reproducibility;674;26;1576158853;1732201063;2;2;2024/11/21;2023-03;2023-05;3;45;declining;2;Documentation updates:Automated bot contributions;Documentation updates:Other;Feature freeze / maintenance pause after core milestone;Yes;Maintenance updates, bug fixes, or compatibility adjustments;Both original authors and new contributors;Inactive;Other:Bug fixes;vcityteam_ud-reproducibility exhibits a declining development cycle with a longest gap of 3 months. Commit messages before the gap centered on Documentation updates and Automated bot contributions, while post-gap activity indicated maintenance updates, bug fixes, or compatibility adjustments. The project is currently inactive on GitHub.
