project;Month;Commits
qiskit_qiskit-experiments;2021-02;18.0
qiskit_qiskit-experiments;2021-03;108.0
qiskit_qiskit-experiments;2021-04;245.0
qiskit_qiskit-experiments;2021-05;485.0
qiskit_qiskit-experiments;2021-06;711.0
qiskit_qiskit-experiments;2021-07;923.0
qiskit_qiskit-experiments;2021-08;387.0
qiskit_qiskit-experiments;2021-09;464.0
qiskit_qiskit-experiments;2021-10;473.0
qiskit_qiskit-experiments;2021-11;549.0
qiskit_qiskit-experiments;2021-12;355.0
qiskit_qiskit-experiments;2022-01;431.0
qiskit_qiskit-experiments;2022-02;444.0
qiskit_qiskit-experiments;2022-03;471.0
qiskit_qiskit-experiments;2022-04;363.0
qiskit_qiskit-experiments;2022-05;238.0
qiskit_qiskit-experiments;2022-06;203.0
qiskit_qiskit-experiments;2022-07;299.0
qiskit_qiskit-experiments;2022-08;241.0
qiskit_qiskit-experiments;2022-09;225.0
qiskit_qiskit-experiments;2022-10;275.0
qiskit_qiskit-experiments;2022-11;173.0
qiskit_qiskit-experiments;2022-12;83.0
qiskit_qiskit-experiments;2023-01;120.0
qiskit_qiskit-experiments;2023-02;174.0
qiskit_qiskit-experiments;2023-03;371.0
qiskit_qiskit-experiments;2023-04;164.0
qiskit_qiskit-experiments;2023-05;203.0
qiskit_qiskit-experiments;2023-06;125.0
qiskit_qiskit-experiments;2023-07;128.0
qiskit_qiskit-experiments;2023-08;69.0
qiskit_qiskit-experiments;2023-09;129.0
qiskit_qiskit-experiments;2023-10;146.0
qiskit_qiskit-experiments;2023-11;182.0
qiskit_qiskit-experiments;2023-12;112.0
qiskit_qiskit-experiments;2024-01;196.0
qiskit_qiskit-experiments;2024-02;318.0
qiskit_qiskit-experiments;2024-03;122.0
qiskit_qiskit-experiments;2024-04;92.0
qiskit_qiskit-experiments;2024-05;69.0
qiskit_qiskit-experiments;2024-06;34.0
qiskit_qiskit-experiments;2024-07;0.0
qiskit_qiskit-experiments;2024-08;11.0
qiskit_qiskit-experiments;2024-09;27.0
qiskit_qiskit-experiments;2024-10;99.0
qiskit_qiskit-experiments;2024-11;108.0
qiskit_qiskit-experiments;2024-12;78.0
qiskit_qiskit-experiments;2025-01;4.0
qiskit_qiskit-experiments;2025-02;65.0
qiskit_qiskit-experiments;2025-03;115.0
qiskit_qiskit-experiments;2025-04;31.0
qiskit_qiskit-experiments;2025-05;21.0
qiskit_qiskit-experiments;2025-06;57.0
qiskit_qiskit-experiments;2025-07;20.0
qiskit_qiskit-experiments;2025-08;36.0
qiskit_qiskit-experiments;2025-09;16.0
qiskit_qiskit-experiments;2025-10;6.0
qiskit_qiskit-experiments;2025-11;23.0
